{
    "NE-COARSE-LIT": {
        "TIME-ALL": {
            "LED-ALL": {
                "PER": {
                    "partial": {
                        "correct": 363,
                        "incorrect": 0,
                        "partial": 77,
                        "missed": 23,
                        "spurious": 41,
                        "possible": 463,
                        "actual": 481,
                        "TP": 363,
                        "FP": 118,
                        "FN": 100,
                        "P_micro": 0.8347193347193347,
                        "R_micro": 0.8671706263498921,
                        "F1_micro": 0.8506355932203389,
                        "P_macro_doc": 0.8347193347193347,
                        "R_macro_doc": 0.8671706263498921,
                        "F1_macro_doc": 0.8506355932203389,
                        "P_macro_doc_std": 0.0,
                        "R_macro_doc_std": 0.0,
                        "F1_macro_doc_std": 0.0
                    },
                    "strict": {
                        "correct": 356,
                        "incorrect": 84,
                        "partial": 0,
                        "missed": 23,
                        "spurious": 41,
                        "possible": 463,
                        "actual": 481,
                        "TP": 356,
                        "FP": 125,
                        "FN": 107,
                        "P_micro": 0.7401247401247402,
                        "R_micro": 0.7688984881209503,
                        "F1_micro": 0.7542372881355933,
                        "P_macro_doc": 0.7401247401247402,
                        "R_macro_doc": 0.7688984881209503,
                        "F1_macro_doc": 0.7542372881355933,
                        "P_macro_doc_std": 0.0,
                        "R_macro_doc_std": 0.0,
                        "F1_macro_doc_std": 0.0
                    },
                    "ent_type": {
                        "correct": 418,
                        "incorrect": 22,
                        "partial": 0,
                        "missed": 23,
                        "spurious": 41,
                        "possible": 463,
                        "actual": 481,
                        "TP": 418,
                        "FP": 63,
                        "FN": 45,
                        "P_micro": 0.8690228690228691,
                        "R_micro": 0.9028077753779697,
                        "F1_micro": 0.885593220338983,
                        "P_macro_doc": 0.8690228690228691,
                        "R_macro_doc": 0.9028077753779697,
                        "F1_macro_doc": 0.885593220338983,
                        "P_macro_doc_std": 0.0,
                        "R_macro_doc_std": 0.0,
                        "F1_macro_doc_std": 0.0
                    },
                    "exact": {
                        "correct": 363,
                        "incorrect": 77,
                        "partial": 0,
                        "missed": 23,
                        "spurious": 41,
                        "possible": 463,
                        "actual": 481,
                        "TP": 363,
                        "FP": 118,
                        "FN": 100,
                        "P_micro": 0.7546777546777547,
                        "R_micro": 0.7840172786177105,
                        "F1_micro": 0.7690677966101694,
                        "P_macro_doc": 0.7546777546777547,
                        "R_macro_doc": 0.7840172786177105,
                        "F1_macro_doc": 0.7690677966101694,
                        "P_macro_doc_std": 0.0,
                        "R_macro_doc_std": 0.0,
                        "F1_macro_doc_std": 0.0
                    }
                },
                "ORG": {
                    "partial": {
                        "correct": 151,
                        "incorrect": 0,
                        "partial": 22,
                        "missed": 44,
                        "spurious": 34,
                        "possible": 217,
                        "actual": 207,
                        "TP": 151,
                        "FP": 56,
                        "FN": 66,
                        "P_micro": 0.782608695652174,
                        "R_micro": 0.7465437788018433,
                        "F1_micro": 0.7641509433962264,
                        "P_macro_doc": 0.782608695652174,
                        "R_macro_doc": 0.7465437788018433,
                        "F1_macro_doc": 0.7641509433962264,
                        "P_macro_doc_std": 0.0,
                        "R_macro_doc_std": 0.0,
                        "F1_macro_doc_std": 0.0
                    },
                    "strict": {
                        "correct": 118,
                        "incorrect": 55,
                        "partial": 0,
                        "missed": 44,
                        "spurious": 34,
                        "possible": 217,
                        "actual": 207,
                        "TP": 118,
                        "FP": 89,
                        "FN": 99,
                        "P_micro": 0.5700483091787439,
                        "R_micro": 0.543778801843318,
                        "F1_micro": 0.5566037735849056,
                        "P_macro_doc": 0.5700483091787439,
                        "R_macro_doc": 0.543778801843318,
                        "F1_macro_doc": 0.5566037735849056,
                        "P_macro_doc_std": 0.0,
                        "R_macro_doc_std": 0.0,
                        "F1_macro_doc_std": 0.0
                    },
                    "ent_type": {
                        "correct": 129,
                        "incorrect": 44,
                        "partial": 0,
                        "missed": 44,
                        "spurious": 34,
                        "possible": 217,
                        "actual": 207,
                        "TP": 129,
                        "FP": 78,
                        "FN": 88,
                        "P_micro": 0.6231884057971014,
                        "R_micro": 0.5944700460829493,
                        "F1_micro": 0.6084905660377358,
                        "P_macro_doc": 0.6231884057971014,
                        "R_macro_doc": 0.5944700460829493,
                        "F1_macro_doc": 0.6084905660377358,
                        "P_macro_doc_std": 0.0,
                        "R_macro_doc_std": 0.0,
                        "F1_macro_doc_std": 0.0
                    },
                    "exact": {
                        "correct": 151,
                        "incorrect": 22,
                        "partial": 0,
                        "missed": 44,
                        "spurious": 34,
                        "possible": 217,
                        "actual": 207,
                        "TP": 151,
                        "FP": 56,
                        "FN": 66,
                        "P_micro": 0.7294685990338164,
                        "R_micro": 0.695852534562212,
                        "F1_micro": 0.7122641509433962,
                        "P_macro_doc": 0.7294685990338164,
                        "R_macro_doc": 0.695852534562212,
                        "F1_macro_doc": 0.7122641509433962,
                        "P_macro_doc_std": 0.0,
                        "R_macro_doc_std": 0.0,
                        "F1_macro_doc_std": 0.0
                    }
                },
                "LOC": {
                    "partial": {
                        "correct": 492,
                        "incorrect": 0,
                        "partial": 36,
                        "missed": 69,
                        "spurious": 30,
                        "possible": 597,
                        "actual": 558,
                        "TP": 492,
                        "FP": 66,
                        "FN": 105,